{"class com.foo.OS":{"OpenFileDescriptorCount":502,"CommittedVirtualMemorySize":2326671360,"FreePhysicalMemorySize":4088320000,"SystemLoadAverage":"0.14","Arch":"amd64","ProcessCpuLoad":0.0016743491869419813,"FreeSwapSpaceSize":4294963200,"TotalPhysicalMemorySize":8352530432,"TotalSwapSpaceSize":4294963200,"ProcessCpuTime":82330000000,"MaxFileDescriptorCount":1048576,"SystemCpuLoad":0.048494040966033936,"Version":"4.4.0-157-generic","AvailableProcessors":"6"},"class com.foo.Memory":{"ObjectPendingFinalizationCount":0,"Verbose":false,"HeapMemoryUsage":{"init":209715200,"committed":245891072,"max":466092032,"used":168404736},"NonHeapMemoryUsage":{"init":2555904,"committed":124387328,"max":780140544,"used":111763600}}}